{
	"class_name" : "PinholeCameraParameters",
	"extrinsic" : 
	[
		1.0, -0.0, -0.0, 0.0,
		0.0, -1.0, -0.0, 0.0,
		0.0, -0.0, 1.0, 0.0,
		0.0, -0.0, -10.0, 1.0
	],
	"intrinsic" :
	{
		"height" : 1080,
		"intrinsic_matrix" :
		[
			913.65680099258282,
			0.0,
			0.0,
			0.0,
			913.65680099258282,
			0.0,
			959.5,
			527.0,
			1.0
		],
		"width" : 1920
	},
	"version_major" : 1,
	"version_minor" : 0
}