{
	"class_name" : "PinholeCameraParameters",
	"extrinsic" : 
	[
		0.99761586686247017,
		0.03555195839482652,
		-0.059149306323362343,
		0.0,
		-0.029527112130193739,
		0.9945707959333725,
		0.09978517688368839,
		0.0,
		0.062375731125922644,
		-0.097800767536612598,
		0.99324935340314024,
		0.0,
		0.10176166099016912,
		-0.19672073387824457,
		2.5061594735862891,
		1.0
	],
	"intrinsic" : 
	{
		"height" : 1055,
		"intrinsic_matrix" : 
		[
			913.65680099258282,
			0.0,
			0.0,
			0.0,
			913.65680099258282,
			0.0,
			959.5,
			527.0,
			1.0
		],
		"width" : 1920
	},
	"version_major" : 1,
	"version_minor" : 0
}