{"max": [-0.003175, 0.428648, 0.421734], "centroid": [-0.3012640660592254, 0.1182632647659836, 0.04354231855732742], "id": "c5d13a109a61060c178e7d331e641179", "numVertices": 1317, "min": [-0.762, 0.0, -0.0109019]}
