{"loss": 53.0684700012207, "_runtime": 36, "_timestamp": 1632907762, "_step": 1339, "hypernetwork_parameters": [[{"_type": "histogram", "values": [1, 1, 3, 2, 2, 4, 5, 8, 9, 11, 5, 7, 13, 5, 10, 14, 13, 9, 15, 15, 10, 8, 3, 5, 5, 1, 4, 1, 1, 1, 0, 1], "bins": [-7.62498140335083, -7.129512786865234, -6.634044170379639, -6.138575553894043, -5.643106460571289, -5.147637844085693, -4.652169227600098, -4.156700611114502, -3.6612319946289062, -3.1657631397247314, -2.6702945232391357, -2.17482590675354, -1.6793570518493652, -1.1838884353637695, -0.6884196996688843, -0.192951038479805, 0.3025176525115967, 0.7979863286018372, 1.2934550046920776, 1.788923740386963, 2.2843923568725586, 2.7798612117767334, 3.275329828262329, 3.770798444747925, 4.2662672996521, 4.761735916137695, 5.257204532623291, 5.752673149108887, 6.248141765594482, 6.743610858917236, 7.239079475402832, 7.734548091888428, 8.230016708374023]}, {"_type": "histogram", "values": [1, 1, 0, 1, 0, 1, 4, 1, 1, 1, 2, 5, 2, 3, 3, 3, 1, 7, 3, 5, 2, 3, 2, 3, 0, 3, 1, 2, 1, 1, 0, 1], "bins": [-6.029465675354004, -5.6569952964782715, -5.284524917602539, -4.912055015563965, -4.539584636688232, -4.1671142578125, -3.7946441173553467, -3.4221737384796143, -3.049703598022461, -2.6772332191467285, -2.304762840270996, -1.9322926998138428, -1.5598223209381104, -1.1873520612716675, -0.8148818016052246, -0.44241154193878174, -0.06994128227233887, 0.302528977394104, 0.6749992370605469, 1.0474694967269897, 1.4199397563934326, 1.792410135269165, 2.1648802757263184, 2.537350654602051, 2.909821033477783, 3.2822911739349365, 3.654761552810669, 4.027231693267822, 4.399702072143555, 4.772172451019287, 5.144642353057861, 5.517112731933594, 5.889583110809326]}, {"_type": "histogram", "values": [1, 1, 0, 2, 0, 1, 4, 1, 2, 2, 1, 1, 4, 3, 6, 8, 2, 6, 5, 1, 2, 1, 1, 3, 1, 1, 1, 0, 2, 0, 0, 1], "bins": [-7.583632946014404, -7.068344593048096, -6.553056240081787, -6.0377678871154785, -5.52247953414917, -5.007191181182861, -4.491902828216553, -3.976614475250244, -3.4613261222839355, -2.946038007736206, -2.4307496547698975, -1.9154611825942993, -1.4001729488372803, -0.8848845362663269, -0.3695962131023407, 0.1456921249628067, 0.6609804630279541, 1.1762688159942627, 1.6915571689605713, 2.20684552192688, 2.7221338748931885, 3.237422227859497, 3.7527105808258057, 4.267998695373535, 4.783287048339844, 5.298575401306152, 5.813863754272461, 6.3291521072387695, 6.844440460205078, 7.359728813171387, 7.875017166137695, 8.390305519104004, 8.905593872070312]}], [{"_type": "histogram", "values": [3, 1, 1, 8, 8, 21, 50, 72, 104, 162, 210, 251, 279, 322, 370, 397, 378, 317, 270, 226, 184, 164, 124, 68, 51, 23, 15, 8, 4, 1, 3, 1], "bins": [-10.194624900817871, -9.537579536437988, -8.880534172058105, -8.223488807678223, -7.56644344329834, -6.909398078918457, -6.252352714538574, -5.595307350158691, -4.938261985778809, -4.281216621398926, -3.624171257019043, -2.96712589263916, -2.3100805282592773, -1.6530351638793945, -0.9959897994995117, -0.3389444351196289, 0.3181009292602539, 0.9751462936401367, 1.6321916580200195, 2.2892370223999023, 2.946282386779785, 3.603327751159668, 4.260373115539551, 4.917418479919434, 5.574463844299316, 6.231509208679199, 6.888554573059082, 7.545599937438965, 8.202645301818848, 8.85969066619873, 9.516736030578613, 10.173781394958496, 10.830826759338379]}, {"_type": "histogram", "values": [1, 0, 0, 0, 1, 0, 1, 0, 0, 2, 3, 4, 4, 7, 6, 7, 4, 4, 4, 3, 2, 4, 1, 2, 1, 0, 0, 0, 1, 1, 0, 1], "bins": [-8.99913215637207, -8.405488014221191, -7.8118438720703125, -7.218199253082275, -6.6245551109313965, -6.030910968780518, -5.4372663497924805, -4.843622207641602, -4.249978065490723, -3.6563339233398438, -3.0626895427703857, -2.4690451622009277, -1.8754010200500488, -1.2817567586898804, -0.6881124973297119, -0.09446823596954346, 0.499176025390625, 1.0928202867507935, 1.686464548110962, 2.28010892868042, 2.873753070831299, 3.4673972129821777, 4.061041831970215, 4.654685974121094, 5.248330116271973, 5.841974258422852, 6.4356184005737305, 7.029263019561768, 7.6229071617126465, 8.216551780700684, 8.810195922851562, 9.403840065002441, 9.99748420715332]}, {"_type": "histogram", "values": [1, 0, 0, 4, 2, 1, 3, 2, 1, 3, 5, 3, 5, 4, 3, 5, 5, 4, 2, 3, 3, 1, 1, 0, 1, 1, 0, 0, 0, 0, 0, 1], "bins": [-5.937315464019775, -5.481721878051758, -5.02612829208374, -4.570534706115723, -4.114941120147705, -3.6593477725982666, -3.203754186630249, -2.7481606006622314, -2.292567253112793, -1.8369735479354858, -1.3813800811767578, -0.9257864952087402, -0.47019296884536743, -0.014599427580833435, 0.44099411368370056, 0.8965876698493958, 1.3521811962127686, 1.8077747821807861, 2.2633683681488037, 2.718961715698242, 3.1745553016662598, 3.6301488876342773, 4.085742473602295, 4.5413360595703125, 4.99692964553833, 5.452523231506348, 5.908116817474365, 6.363709926605225, 6.819303512573242, 7.27489709854126, 7.730490684509277, 8.186084747314453, 8.641677856445312]}], [{"_type": "histogram", "values": [1, 1, 3, 4, 5, 16, 28, 57, 101, 93, 151, 212, 266, 336, 327, 350, 372, 362, 300, 290, 234, 193, 135, 100, 63, 36, 31, 13, 11, 3, 0, 2], "bins": [-10.55406379699707, -9.906092643737793, -9.2581205368042, -8.610149383544922, -7.962177276611328, -7.314206123352051, -6.666234493255615, -6.01826286315918, -5.370291233062744, -4.722319602966309, -4.074347972869873, -3.4263765811920166, -2.778404951095581, -2.1304333209991455, -1.4824618101119995, -0.8344902396202087, -0.18651866912841797, 0.4614529013633728, 1.1094244718551636, 1.7573959827423096, 2.405367612838745, 3.0533392429351807, 3.701310634613037, 4.349282264709473, 4.997253894805908, 5.645225524902344, 6.293197154998779, 6.941168785095215, 7.589139938354492, 8.237112045288086, 8.885083198547363, 9.533055305480957, 10.181026458740234]}, {"_type": "histogram", "values": [2, 0, 2, 1, 2, 2, 2, 2, 7, 2, 9, 3, 3, 8, 3, 3, 3, 4, 0, 1, 2, 0, 0, 0, 0, 1, 0, 0, 0, 1, 0, 1], "bins": [-6.834873676300049, -6.22491455078125, -5.614955902099609, -5.0049967765808105, -4.395037651062012, -3.785078763961792, -3.175119638442993, -2.5651607513427734, -1.9552017450332642, -1.3452427387237549, -0.7352837324142456, -0.1253247708082199, 0.4846342206001282, 1.0945931673049927, 1.704552173614502, 2.314511299133301, 2.9244701862335205, 3.5344290733337402, 4.144388198852539, 4.754347324371338, 5.3643059730529785, 5.974265098571777, 6.584224224090576, 7.194183349609375, 7.804141998291016, 8.414100646972656, 9.024060249328613, 9.634018898010254, 10.243978500366211, 10.853937149047852, 11.463895797729492, 12.07385540008545, 12.68381404876709]}, {"_type": "histogram", "values": [1, 0, 0, 0, 1, 0, 2, 7, 1, 5, 4, 6, 3, 1, 3, 4, 2, 7, 2, 2, 3, 1, 1, 2, 1, 1, 0, 1, 1, 0, 1, 1], "bins": [-6.208988666534424, -5.793417453765869, -5.3778462409973145, -4.96227502822876, -4.546703338623047, -4.131132125854492, -3.7155609130859375, -3.299989700317383, -2.884418487548828, -2.4688470363616943, -2.0532758235931396, -1.6377044916152954, -1.2221331596374512, -0.8065619468688965, -0.39099064469337463, 0.024580642580986023, 0.4401519298553467, 0.8557232022285461, 1.2712944746017456, 1.6868658065795898, 2.1024370193481445, 2.5180084705352783, 2.933579683303833, 3.3491508960723877, 3.7647223472595215, 4.180293560028076, 4.595864772796631, 5.0114359855651855, 5.42700719833374, 5.842578887939453, 6.258150100708008, 6.6737213134765625, 7.089292526245117]}], [{"_type": "histogram", "values": [2, 1, 0, 1, 0, 0, 1, 3, 1, 4, 5, 12, 5, 4, 2, 1, 6, 2, 4, 4, 0, 1, 0, 1, 0, 1, 1, 0, 0, 0, 0, 2],