{"loss": 45.92164993286133, "_runtime": 8, "_timestamp": 1632907368, "_step": 143, "hypernetwork_parameters": [[{"_type": "histogram", "values": [2, 1, 0, 2, 1, 4, 2, 3, 2, 3, 5, 5, 11, 8, 6, 13, 8, 12, 13, 19, 6, 9, 13, 5, 9, 7, 6, 2, 6, 4, 3, 2], "bins": [-4.906066417694092, -4.631346702575684, -4.356627464294434, -4.081907749176025, -3.8071882724761963, -3.532468557357788, -3.257749080657959, -2.98302960395813, -2.708310127258301, -2.4335904121398926, -2.1588709354400635, -1.8841513395309448, -1.6094317436218262, -1.334712266921997, -1.0599926710128784, -0.7852731347084045, -0.5105535984039307, -0.2358340471982956, 0.03888550400733948, 0.31360507011413574, 0.5883246064186096, 0.8630441427230835, 1.1377637386322021, 1.4124832153320312, 1.68720281124115, 1.9619224071502686, 2.2366418838500977, 2.5113613605499268, 2.786081075668335, 3.060800552368164, 3.335520029067993, 3.6102397441864014, 3.8849592208862305]}, {"_type": "histogram", "values": [1, 0, 0, 0, 1, 0, 1, 2, 4, 4, 4, 3, 3, 3, 2, 5, 4, 3, 5, 2, 1, 9, 2, 0, 1, 1, 2, 0, 0, 0, 0, 1], "bins": [-4.911372661590576, -4.616338729858398, -4.321304798126221, -4.026271343231201, -3.7312374114990234, -3.4362034797668457, -3.141169786453247, -2.8461358547210693, -2.5511021614074707, -2.256068229675293, -1.9610344171524048, -1.6660006046295166, -1.3709666728973389, -1.0759328603744507, -0.7808990478515625, -0.4858652353286743, -0.19083142280578613, 0.10420240461826324, 0.3992362320423126, 0.6942700743675232, 0.9893038868904114, 1.2843377590179443, 1.5793715715408325, 1.8744053840637207, 2.1694393157958984, 2.464473009109497, 2.759506940841675, 3.0545406341552734, 3.349574565887451, 3.64460825920105, 3.9396421909332275, 4.234675884246826, 4.529709815979004]}, {"_type": "histogram", "values": [1, 0, 2, 1, 0, 2, 5, 2, 4, 3, 2, 6, 5, 1, 1, 3, 4, 5, 1, 4, 1, 1, 2, 1, 0, 4, 1, 0, 0, 1, 0, 1], "bins": [-3.759711742401123, -3.474558115005493, -3.1894044876098633, -2.9042506217956543, -2.6190969944000244, -2.3339433670043945, -2.0487897396087646, -1.7636359930038452, -1.4784823656082153, -1.1933287382125854, -0.908174991607666, -0.6230213642120361, -0.3378676772117615, -0.05271400511264801, 0.23243966698646545, 0.5175933241844177, 0.8027470111846924, 1.0879006385803223, 1.3730543851852417, 1.6582080125808716, 1.943361759185791, 2.228515386581421, 2.513669013977051, 2.7988226413726807, 3.0839762687683105, 3.3691301345825195, 3.6542837619781494, 3.9394373893737793, 4.224591255187988, 4.509744644165039, 4.794898509979248, 5.080051898956299, 5.365205764770508]}], [{"_type": "histogram", "values": [1, 3, 3, 7, 8, 17, 37, 63, 78, 110, 154, 186, 262, 309, 306, 330, 371, 357, 308, 275, 253, 208, 147, 105, 71, 48, 30, 22, 15, 5, 3, 4], "bins": [-6.547275543212891, -6.151803970336914, -5.756332874298096, -5.360861301422119, -4.965390205383301, -4.569918632507324, -4.174447536468506, -3.7789759635925293, -3.383504629135132, -2.9880332946777344, -2.592561960220337, -2.1970906257629395, -1.8016191720962524, -1.406147837638855, -1.010676383972168, -0.6152050495147705, -0.21973371505737305, 0.1757376492023468, 0.5712090134620667, 0.9666804075241089, 1.3621517419815063, 1.7576230764389038, 2.153094530105591, 2.5485658645629883, 2.9440371990203857, 3.339508533477783, 3.7349798679351807, 4.130451202392578, 4.525922775268555, 4.921393871307373, 5.31686544418335, 5.712336540222168, 6.1078081130981445]}, {"_type": "histogram", "values": [1, 4, 2, 2, 2, 2, 3, 7, 3, 5, 3, 6, 1, 1, 1, 3, 6, 0, 3, 1, 1, 2, 0, 3, 0, 1, 0, 0, 0, 0, 0, 1], "bins": [-3.4446146488189697, -3.1137518882751465, -2.7828891277313232, -2.4520263671875, -2.1211636066436768, -1.7903008460998535, -1.4594380855560303, -1.128575325012207, -0.7977126240730286, -0.4668498635292053, -0.13598711788654327, 0.19487562775611877, 0.5257383584976196, 0.8566011190414429, 1.1874638795852661, 1.5183266401290894, 1.8491894006729126, 2.1800520420074463, 2.5109148025512695, 2.8417775630950928, 3.172640323638916, 3.5035030841827393, 3.8343658447265625, 4.165228843688965, 4.496091365814209, 4.826954364776611, 5.1578168869018555, 5.488679885864258, 5.819542407989502, 6.150405406951904, 6.481267929077148, 6.812130928039551, 7.142993450164795]}, {"_type": "histogram", "values": [1, 1, 2, 2, 1, 0, 1, 2, 4, 0, 2, 4, 1, 5, 0, 3, 4, 3, 4, 0, 2, 2, 1, 0, 5, 3, 2, 4, 0, 0, 1, 4], "bins": [-4.171600341796875, -3.9262022972106934, -3.680804491043091, -3.435406446456909, -3.1900084018707275, -2.944610595703125, -2.6992125511169434, -2.4538145065307617, -2.20841646194458, -1.9630186557769775, -1.717620611190796, -1.4722226858139038, -1.2268247604370117, -0.9814267158508301, -0.736028790473938, -0.4906308054924011, -0.24523282051086426, 0.00016514956951141357, 0.24556311964988708, 0.49096107482910156, 0.7363590598106384, 0.9817570447921753, 1.2271549701690674, 1.472553014755249, 1.7179509401321411, 1.9633488655090332, 2.208746910095215, 2.4541449546813965, 2.699542760848999, 2.9449408054351807, 3.1903388500213623, 3.435736656188965, 3.6811347007751465]}], [{"_type": "histogram", "values": [1, 8, 8, 13, 41, 44, 58, 126, 163, 223, 253, 318, 361, 362, 372, 325, 337, 314, 233, 163, 128, 110, 49, 33, 21, 16, 8, 3, 3, 0, 0, 2], "bins": [-5.9841694831848145, -5.563156604766846, -5.142143249511719, -4.72113037109375, -4.300117492675781, -3.8791043758392334, -3.4580914974212646, -3.037078380584717, -2.616065502166748, -2.1950523853302, -1.774039387702942, -1.3530263900756836, -0.9320133328437805, -0.5110003352165222, -0.08998730778694153, 0.33102571964263916, 0.7520387172698975, 1.1730517148971558, 1.594064712524414, 2.015077829360962, 2.4360907077789307, 2.8571038246154785, 3.2781167030334473, 3.699129819869995, 4.120142936706543, 4.541155815124512, 4.9621686935424805, 5.383182048797607, 5.804194927215576, 6.225207805633545, 6.646220684051514, 7.067234039306641, 7.488246917724609]}, {"_type": "histogram", "values": [1, 0, 1, 2, 1, 3, 5, 3, 4, 4, 5, 4, 8, 7, 3, 3, 2, 1, 2, 0, 0, 1, 0, 1, 0, 2, 0, 0, 0, 0, 0, 1], "bins": [-4.3638105392456055, -3.971236228942871, -3.578662157058716, -3.1860880851745605, -2.793513774871826, -2.400939464569092, -2.0083653926849365, -1.6157912015914917, -1.2232170104980469, -0.830642819404602, -0.4380686283111572, -0.0454944372177124, 0.3470797538757324, 0.7396539449691772, 1.132228136062622, 1.524802327156067, 1.9173765182495117, 2.309950828552246, 2.7025249004364014, 3.0950989723205566, 3.487673282623291, 3.8802475929260254, 4.272821426391602, 4.665395736694336, 5.05797004699707, 5.450544357299805, 5.843118667602539, 6.235692501068115, 6.62826681137085, 7.020841121673584, 7.41341495513916, 7.8059892654418945, 8.198563575744629]}, {"_type": "histogram", "values": [1, 1, 1, 1, 0, 1, 1, 3, 1, 2, 2, 3, 2, 2, 5, 2, 5, 3, 2, 1, 1, 7, 2, 4, 1, 3, 0, 3, 1, 1, 0, 2], "bins": [-4.041161060333252, -3.826033353805542, -3.610905647277832, -3.395777940750122, -3.180650234222412, -2.965522527694702, -2.750394821166992, -2.5352671146392822, -2.3201394081115723, -2.105011463165283, -1.8898838758468628, -1.6747561693191528, -1.4596283435821533, -1.2445006370544434, -1.0293729305267334, -0.8142452239990234, -0.5991175174713135, -0.3839898109436035, -0.16886207461357117, 0.04626564681529999, 0.26139336824417114, 0.4765210747718811, 0.6916488409042358, 0.9067765474319458, 1.1219042539596558, 1.3370319604873657, 1.5521596670150757, 1.7672873735427856, 1.9824151992797852, 2.197542905807495, 2.412670612335205, 2.627798318862915, 2.842926025390625]}], [{"_type": "histogram", "values": [1, 0, 1, 0, 0, 1, 0, 0, 0, 1, 3, 1, 3, 1, 3, 4, 6, 4, 4, 12, 7, 1, 5, 1, 1, 1, 1, 1, 0, 0, 0, 1],