{"loss": 51.869937896728516, "_runtime": 9, "_timestamp": 1632907308, "_step": 167, "hypernetwork_parameters": [[{"_type": "histogram", "values": [1, 2, 0, 0, 4, 5, 3, 4, 8, 12, 5, 15, 10, 7, 11, 13, 16, 15, 5, 13, 10, 8, 4, 8, 4, 1, 2, 2, 2, 0, 0, 2], "bins": [-5.6670966148376465, -5.311158180236816, -4.955219268798828, -4.599280834197998, -4.243342399597168, -3.887403726577759, -3.5314650535583496, -3.1755266189575195, -2.8195879459381104, -2.463649272918701, -2.107710838317871, -1.751772165298462, -1.3958336114883423, -1.0398950576782227, -0.6839564442634583, -0.32801786065101624, 0.02792072296142578, 0.3838593065738678, 0.7397978901863098, 1.0957365036010742, 1.4516750574111938, 1.8076136112213135, 2.1635522842407227, 2.5194907188415527, 2.875429391860962, 3.231368064880371, 3.587306499481201, 3.9432451725006104, 4.2991838455200195, 4.65512228012085, 5.01106071472168, 5.366999626159668, 5.722938060760498]}, {"_type": "histogram", "values": [2, 0, 0, 0, 2, 0, 1, 1, 3, 2, 4, 3, 3, 4, 5, 4, 1, 3, 6, 5, 3, 5, 3, 0, 1, 1, 0, 0, 0, 0, 0, 2], "bins": [-6.332363128662109, -5.965878486633301, -5.599393844604492, -5.232909202575684, -4.866424560546875, -4.499939918518066, -4.133455276489258, -3.766970634460449, -3.4004859924316406, -3.034001350402832, -2.6675167083740234, -2.301032066345215, -1.9345474243164062, -1.5680627822875977, -1.201578140258789, -0.8350934982299805, -0.4686088562011719, -0.10212421417236328, 0.2643604278564453, 0.6308450698852539, 0.9973297119140625, 1.363814353942871, 1.7302989959716797, 2.0967836380004883, 2.463268280029297, 2.8297529220581055, 3.196237564086914, 3.5627222061157227, 3.9292068481445312, 4.29569149017334, 4.662176132202148, 5.028660774230957, 5.395145416259766]}, {"_type": "histogram", "values": [1, 0, 0, 1, 0, 2, 0, 1, 1, 1, 4, 1, 1, 5, 2, 4, 7, 6, 3, 6, 8, 0, 1, 2, 1, 0, 1, 2, 1, 0, 0, 2], "bins": [-8.040034294128418, -7.590980052947998, -7.141925811767578, -6.692871570587158, -6.243817329406738, -5.794763088226318, -5.345708847045898, -4.8966546058654785, -4.447600364685059, -3.9985458850860596, -3.5494916439056396, -3.1004374027252197, -2.6513829231262207, -2.202328681945801, -1.7532744407653809, -1.304220199584961, -0.855165958404541, -0.4061116874217987, 0.042942583560943604, 0.4919968545436859, 0.9410511255264282, 1.3901053667068481, 1.8391597270965576, 2.2882139682769775, 2.7372682094573975, 3.1863224506378174, 3.6353766918182373, 4.084431171417236, 4.533485412597656, 4.982539653778076, 5.431593894958496, 5.880648136138916, 6.329702377319336]}], [{"_type": "histogram", "values": [4, 4, 5, 9, 17, 34, 34, 78, 110, 143, 169, 217, 240, 289, 310, 341, 334, 334, 292, 261, 228, 176, 141, 108, 87, 52, 28, 26, 13, 6, 2, 4], "bins": [-7.5395684242248535, -7.078622817993164, -6.617677211761475, -6.156731605529785, -5.695785999298096, -5.234840393066406, -4.773894786834717, -4.312949180603027, -3.852003812789917, -3.3910582065582275, -2.930112600326538, -2.4691669940948486, -2.0082216262817383, -1.5472759008407593, -1.0863304138183594, -0.6253848075866699, -0.16443920135498047, 0.2965063750743866, 0.7574519515037537, 1.2183974981307983, 1.6793431043624878, 2.1402885913848877, 2.601234197616577, 3.0621798038482666, 3.523125410079956, 3.9840710163116455, 4.445016384124756, 4.905961990356445, 5.366907596588135, 5.827853202819824, 6.288798809051514, 6.749744415283203, 7.210690021514893]}, {"_type": "histogram", "values": [1, 1, 0, 2, 0, 1, 1, 2, 3, 6, 5, 4, 2, 5, 4, 5, 5, 3, 3, 3, 1, 2, 1, 1, 1, 0, 1, 0, 0, 0, 0, 1], "bins": [-6.046854496002197, -5.6025495529174805, -5.158244609832764, -4.713939189910889, -4.269634246826172, -3.825329303741455, -3.381024122238159, -2.9367191791534424, -2.4924139976501465, -2.0481090545654297, -1.6038039922714233, -1.159498929977417, -0.7151939272880554, -0.2708888649940491, 0.1734161674976349, 0.6177211999893188, 1.0620262622833252, 1.5063313245773315, 1.950636386871338, 2.3949413299560547, 2.8392465114593506, 3.2835514545440674, 3.7278566360473633, 4.17216157913208, 4.616466522216797, 5.060771465301514, 5.505076885223389, 5.9493818283081055, 6.393686771392822, 6.837991714477539, 7.282297134399414, 7.726602077484131, 8.170907020568848]}, {"_type": "histogram", "values": [1, 0, 1, 1, 1, 0, 1, 3, 1, 0, 1, 3, 6, 3, 6, 3, 3, 5, 3, 2, 2, 1, 1, 2, 2, 2, 4, 1, 1, 1, 2, 1], "bins": [-4.49530553817749, -4.255837917327881, -4.01637077331543, -3.7769031524658203, -3.537435531616211, -3.2979681491851807, -3.0585007667541504, -2.819033145904541, -2.5795657634735107, -2.3400981426239014, -2.100630760192871, -1.8611632585525513, -1.6216957569122314, -1.3822282552719116, -1.1427608728408813, -0.9032933712005615, -0.6638258695602417, -0.42435839772224426, -0.18489091098308563, 0.0545765683054924, 0.29404404759407043, 0.5335115194320679, 0.7729790210723877, 1.0124465227127075, 1.2519140243530273, 1.4913814067840576, 1.7308489084243774, 1.9703164100646973, 2.2097837924957275, 2.449251413345337, 2.688718795776367, 2.9281864166259766, 3.167653799057007]}], [{"_type": "histogram", "values": [4, 5, 3, 8, 23, 27, 59, 56, 103, 169, 198, 268, 312, 378, 348, 391, 348, 338, 297, 226, 168, 137, 89, 52, 35, 22, 17, 7, 6, 0, 0, 2], "bins": [-7.791385650634766, -7.279691696166992, -6.767997741699219, -6.256303787231445, -5.744609832763672, -5.232915878295898, -4.721221923828125, -4.209527969360352, -3.6978342533111572, -3.186140298843384, -2.6744463443756104, -2.162752389907837, -1.651058554649353, -1.1393646001815796, -0.6276707053184509, -0.11597678065299988, 0.39571714401245117, 0.9074110984802246, 1.419105052947998, 1.930798888206482, 2.442492961883545, 2.9541866779327393, 3.4658806324005127, 3.977574586868286, 4.4892683029174805, 5.000962257385254, 5.512656211853027, 6.024350166320801, 6.536044120788574, 7.047738075256348, 7.559432029724121, 8.071125984191895, 8.582819938659668]}, {"_type": "histogram", "values": [1, 0, 0, 3, 0, 2, 0, 3, 3, 1, 0, 1, 6, 3, 2, 5, 4, 2, 7, 4, 2, 2, 2, 4, 2, 1, 1, 1, 0, 0, 0, 2], "bins": [-6.684796333312988, -6.251781463623047, -5.8187665939331055, -5.385751724243164, -4.952736854553223, -4.519721984863281, -4.08670711517334, -3.6536920070648193, -3.220677137374878, -2.7876622676849365, -2.354647397994995, -1.9216324090957642, -1.4886175394058228, -1.0556026697158813, -0.6225877404212952, -0.18957284092903137, 0.24344205856323242, 0.6764569282531738, 1.1094717979431152, 1.5424867868423462, 1.9755016565322876, 2.4085166454315186, 2.84153151512146, 3.2745463848114014, 3.7075612545013428, 4.140576362609863, 4.573591232299805, 5.006606101989746, 5.4396209716796875, 5.872635841369629, 6.30565071105957, 6.738665580749512, 7.171680450439453]}, {"_type": "histogram", "values": [1, 0, 0, 1, 1, 1, 2, 1, 1, 3, 1, 0, 5, 5, 4, 3, 5, 2, 3, 4, 2, 2, 3, 6, 1, 0, 0, 1, 3, 1, 0, 2], "bins": [-4.633184909820557, -4.3576741218566895, -4.082163333892822, -3.806652307510376, -3.5311412811279297, -3.2556304931640625, -2.980119466781616, -2.704608678817749, -2.4290976524353027, -2.1535868644714355, -1.8780759572982788, -1.602565050125122, -1.3270542621612549, -1.0515433549880981, -0.7760324478149414, -0.5005215406417847, -0.22501063346862793, 0.050500258803367615, 0.32601115107536316, 0.6015220284461975, 0.8770329356193542, 1.1525437831878662, 1.428054690361023, 1.7035655975341797, 1.9790765047073364, 2.254587411880493, 2.5300981998443604, 2.8056092262268066, 3.081120014190674, 3.35663104057312, 3.6321418285369873, 3.9076528549194336, 4.183163642883301]}], [{"_type": "histogram", "values": [1, 0, 0, 0, 1, 0, 0, 0, 1, 0, 1, 0, 0, 3, 3, 1, 4, 4, 8, 5, 5, 6, 4, 4, 3, 4, 0, 1, 1, 2, 1, 1],