{
	"class_name" : "ViewTrajectory",
	"interval" : 29,
	"is_loop" : false,
	"trajectory" :
	[
		{
			"boundingbox_max" : [ 3.7046961789142605, 3.56700343592277, 3.6584400273020901 ],
			"boundingbox_min" : [ -3.4028782594277147, -3.9602107303880771, -4.3110849194572038 ],
			"field_of_view" : 60.0,
			"front" : [ -0.046906319573294476, 0.1975062458501228, -0.97917877838231304 ],
			"lookat" : [ 0.1509089597432729, -0.19660364723265356, -0.32632244607755689 ],
			"up" : [ -0.048413284377974174, -0.97955526218664724, -0.19526300780789574 ],
			"zoom" : 0.079999999999999918
		}
	],
	"version_major" : 1,
	"version_minor" : 0
}