{
	"class_name" : "ViewTrajectory",
	"interval" : 29,
	"is_loop" : false,
	"trajectory" :
	[
		{
			"boundingbox_max" : [ 3.7046961789142605, 3.56700343592277, 3.6584400273020901 ],
			"boundingbox_min" : [ -3.4028782594277147, -3.9602107303880771, -4.3110849194572038 ],
			"field_of_view" : 60.0,
			"front" : [ -0.046906319573294476, 0.1975062458501228, -0.97917877838231304 ],
			"lookat" : [ 0.03032998776992675, 0.16753914331191491, -0.24709647323201658 ],
			"up" : [ 0.0025116029285640711, -0.98023133698070086, -0.19783886840496551 ],
			"zoom" : 0.02
		}
	],
	"version_major" : 1,
	"version_minor" : 0
}