{"loss": 54.899566650390625, "_runtime": 63, "_timestamp": 1632907704, "_step": 1871, "hypernetwork_parameters": [[{"_type": "histogram", "values": [1, 0, 1, 2, 0, 0, 3, 7, 5, 3, 10, 12, 10, 13, 9, 15, 6, 15, 14, 8, 4, 17, 3, 7, 4, 4, 5, 5, 4, 2, 2, 1], "bins": [-21.789609909057617, -20.505704879760742, -19.221799850463867, -17.93789291381836, -16.653987884521484, -15.37008285522461, -14.086177825927734, -12.802271842956543, -11.518366813659668, -10.234461784362793, -8.950555801391602, -7.666650772094727, -6.382745265960693, -5.09883975982666, -3.814934492111206, -2.531029224395752, -1.2471237182617188, 0.0367816686630249, 1.3206870555877686, 2.6045923233032227, 3.888497829437256, 5.172403335571289, 6.456308364868164, 7.740213871002197, 9.02411937713623, 10.308024406433105, 11.591930389404297, 12.875835418701172, 14.159740447998047, 15.443646430969238, 16.72755241394043, 18.011457443237305, 19.29536247253418]}, {"_type": "histogram", "values": [2, 1, 1, 1, 2, 1, 2, 2, 4, 2, 4, 0, 6, 1, 1, 1, 7, 4, 0, 4, 4, 1, 3, 3, 1, 1, 0, 1, 2, 1, 0, 1], "bins": [-12.82958698272705, -11.842774391174316, -10.855960845947266, -9.869148254394531, -8.88233470916748, -7.895522117614746, -6.9087090492248535, -5.921895980834961, -4.935083389282227, -3.948270082473755, -2.9614572525024414, -1.9746441841125488, -0.9878312349319458, -0.0010182559490203857, 0.985794723033905, 1.9726077318191528, 2.959420680999756, 3.9462337493896484, 4.933046817779541, 5.919859409332275, 6.906672477722168, 7.8934855461120605, 8.880298614501953, 9.867111206054688, 10.853924751281738, 11.840737342834473, 12.827550888061523, 13.814363479614258, 14.801176071166992, 15.787989616394043, 16.774803161621094, 17.761615753173828, 18.748428344726562]}, {"_type": "histogram", "values": [2, 0, 0, 0, 1, 0, 3, 2, 5, 3, 1, 6, 3, 5, 6, 3, 4, 3, 2, 3, 4, 3, 1, 0, 1, 0, 0, 0, 0, 0, 1, 2], "bins": [-15.67589282989502, -14.641971588134766, -13.608051300048828, -12.574130058288574, -11.54020881652832, -10.506288528442383, -9.472367286682129, -8.438446044921875, -7.4045257568359375, -6.370604515075684, -5.336683750152588, -4.302762985229492, -3.2688417434692383, -2.2349209785461426, -1.2009999752044678, -0.1670791208744049, 0.8668417930603027, 1.900762677192688, 2.9346835613250732, 3.968604564666748, 5.002525329589844, 6.036446571350098, 7.070367336273193, 8.104288101196289, 9.138209342956543, 10.17212963104248, 11.206050872802734, 12.239972114562988, 13.273892402648926, 14.30781364440918, 15.341734886169434, 16.375656127929688, 17.409576416015625]}], [{"_type": "histogram", "values": [2, 0, 4, 9, 10, 16, 35, 50, 72, 112, 147, 207, 241, 320, 348, 327, 374, 359, 302, 297, 244, 171, 169, 104, 68, 36, 24, 18, 19, 7, 3, 1], "bins": [-26.126720428466797, -24.531967163085938, -22.937213897705078, -21.34246063232422, -19.74770736694336, -18.1529541015625, -16.55820083618164, -14.963446617126465, -13.368693351745605, -11.773940086364746, -10.179186820983887, -8.584433555603027, -6.98967981338501, -5.39492654800415, -3.800173044204712, -2.2054195404052734, -0.6106662750244141, 0.9840871095657349, 2.578840494155884, 4.173593997955322, 5.768347263336182, 7.363100528717041, 8.957854270935059, 10.552607536315918, 12.147360801696777, 13.742114067077637, 15.336867332458496, 16.931621551513672, 18.52637481689453, 20.12112808227539, 21.71588134765625, 23.31063461303711, 24.90538787841797]}, {"_type": "histogram", "values": [1, 0, 1, 2, 0, 2, 2, 0, 3, 1, 3, 5, 2, 4, 4, 5, 4, 6, 2, 1, 1, 2, 4, 2, 2, 0, 4, 0, 0, 0, 0, 1], "bins": [-20.998878479003906, -19.663667678833008, -18.328454971313477, -16.993244171142578, -15.65803337097168, -14.322821617126465, -12.98760986328125, -11.652399063110352, -10.317187309265137, -8.981975555419922, -7.646764755249023, -6.311553001403809, -4.976341724395752, -3.6411304473876953, -2.3059189319610596, -0.9707075357437134, 0.3645038604736328, 1.699715256690979, 3.034926652908325, 4.370138168334961, 5.705349445343018, 7.040560722351074, 8.375772476196289, 9.710983276367188, 11.046195030212402, 12.381406784057617, 13.716617584228516, 15.05182933807373, 16.387041091918945, 17.722251892089844, 19.057462692260742, 20.392675399780273, 21.727886199951172]}, {"_type": "histogram", "values": [2, 0, 1, 2, 2, 3, 2, 3, 6, 3, 5, 4, 6, 2, 2, 3, 2, 2, 2, 1, 2, 3, 0, 0, 2, 0, 0, 1, 1, 0, 1, 1], "bins": [-11.720264434814453, -10.817524909973145, -9.914785385131836, -9.012046813964844, -8.109307289123535, -7.206567764282227, -6.303828239440918, -5.401089191436768, -4.498349666595459, -3.5956103801727295, -2.69287109375, -1.7901315689086914, -0.8873922824859619, 0.015347063541412354, 0.9180864095687866, 1.8208258152008057, 2.723565101623535, 3.6263043880462646, 4.529043674468994, 5.431783199310303, 6.334522247314453, 7.237261772155762, 8.14000129699707, 9.042740821838379, 9.945480346679688, 10.84821891784668, 11.750958442687988, 12.653697967529297, 13.556437492370605, 14.459177017211914, 15.361915588378906, 16.26465606689453, 17.167394638061523]}], [{"_type": "histogram", "values": [6, 7, 9, 12, 28, 45, 97, 121, 172, 209, 252, 332, 349, 398, 379, 374, 288, 274, 221, 173, 128, 87, 58, 38, 17, 10, 4, 5, 1, 1, 0, 1], "bins": [-23.548816680908203, -21.885387420654297, -20.22195816040039, -18.558528900146484, -16.895099639892578, -15.231670379638672, -13.568241119384766, -11.90481185913086, -10.241382598876953, -8.577954292297363, -6.914524555206299, -5.251095294952393, -3.5876662731170654, -1.9242370128631592, -0.2608078718185425, 1.4026212692260742, 3.0660505294799805, 4.729479789733887, 6.392909049987793, 8.0563383102417, 9.719767570495605, 11.383196830749512, 13.046626091003418, 14.710055351257324, 16.373483657836914, 18.03691291809082, 19.700342178344727, 21.363771438598633, 23.02720069885254, 24.690629959106445, 26.35405921936035, 28.017488479614258, 29.680917739868164]}, {"_type": "histogram", "values": [1, 0, 3, 0, 0, 1, 2, 3, 4, 4, 4, 3, 2, 1, 2, 5, 6, 4, 3, 4, 3, 0, 3, 0, 0, 4, 0, 1, 0, 0, 0, 1], "bins": [-18.95185089111328, -17.587459564208984, -16.223068237304688, -14.858677864074707, -13.494287490844727, -12.12989616394043, -10.765504837036133, -9.401114463806152, -8.036723136901855, -6.672332286834717, -5.307941436767578, -3.9435501098632812, -2.5791592597961426, -1.2147682905197144, 0.14962267875671387, 1.514013648033142, 2.8784046173095703, 4.242795467376709, 5.607186317443848, 6.9715776443481445, 8.335968017578125, 9.700359344482422, 11.064750671386719, 12.4291410446167, 13.793532371520996, 15.157923698425293, 16.522314071655273, 17.88670539855957, 19.251096725463867, 20.615488052368164, 21.979877471923828, 23.344268798828125, 24.708660125732422]}, {"_type": "histogram", "values": [1, 0, 0, 0, 3, 2, 1, 4, 3, 0, 0, 8, 2, 3, 2, 1, 5, 3, 1, 7, 5, 3, 1, 3, 0, 2, 2, 0, 0, 1, 0, 1], "bins": [-18.285579681396484, -17.17059326171875, -16.05560874938965, -14.940622329711914, -13.82563591003418, -12.710650444030762, -11.595664978027344, -10.48067855834961, -9.365693092346191, -8.250707626342773, -7.135721206665039, -6.020735740661621, -4.905749797821045, -3.7907638549804688, -2.6757781505584717, -1.560792326927185, -0.44580650329589844, 0.6691793203353882, 1.7841651439666748, 2.899150848388672, 4.014136791229248, 5.129122734069824, 6.244108200073242, 7.359094142913818, 8.474080085754395, 9.589065551757812, 10.704051971435547, 11.819037437438965, 12.934022903442383, 14.049009323120117, 15.163994789123535, 16.278980255126953, 17.393966674804688]}], [{"_type": "histogram", "values": [3, 0, 0, 0, 0, 1, 3, 1, 1, 2, 4, 0, 3, 7, 4, 1, 2, 3, 3, 5, 4, 2, 2, 3, 1, 4, 2, 0, 1, 1, 0, 1],