{"loss": 51.91432571411133, "_runtime": 56, "_timestamp": 1632907826, "_step": 2107, "hypernetwork_parameters": [[{"_type": "histogram", "values": [1, 1, 0, 1, 7, 1, 7, 6, 3, 9, 9, 10, 12, 15, 17, 7, 19, 9, 13, 6, 12, 10, 2, 4, 4, 2, 1, 1, 1, 1, 0, 1], "bins": [-33.42890930175781, -31.245580673217773, -29.062252044677734, -26.878923416137695, -24.695594787597656, -22.512266159057617, -20.328937530517578, -18.14560890197754, -15.962279319763184, -13.778950691223145, -11.595622062683105, -9.412293434143066, -7.228964328765869, -5.04563570022583, -2.862306833267212, -0.6789780855178833, 1.5043506622314453, 3.6876792907714844, 5.871007919311523, 8.054336547851562, 10.237665176391602, 12.420994758605957, 14.604323387145996, 16.78765106201172, 18.97098159790039, 21.15431022644043, 23.33763885498047, 25.520967483520508, 27.704296112060547, 29.887624740600586, 32.070953369140625, 34.25428009033203, 36.4376106262207]}, {"_type": "histogram", "values": [1, 0, 0, 0, 1, 1, 1, 0, 1, 1, 2, 2, 5, 3, 6, 4, 5, 1, 7, 9, 6, 1, 2, 1, 0, 2, 0, 1, 0, 0, 0, 1], "bins": [-44.111412048339844, -41.47275924682617, -38.8341064453125, -36.19545364379883, -33.556800842285156, -30.918148040771484, -28.279495239257812, -25.64084243774414, -23.00218963623047, -20.363534927368164, -17.724882125854492, -15.086230278015137, -12.447576522827148, -9.808923721313477, -7.170270919799805, -4.531618118286133, -1.892965316772461, 0.7456876039505005, 3.384340524673462, 6.022993564605713, 8.661645889282227, 11.300299644470215, 13.938952445983887, 16.577604293823242, 19.216259002685547, 21.85491180419922, 24.49356460571289, 27.132217407226562, 29.770870208740234, 32.409523010253906, 35.04817581176758, 37.68682861328125, 40.32548141479492]}, {"_type": "histogram", "values": [2, 0, 0, 1, 0, 1, 1, 2, 1, 4, 0, 2, 2, 5, 3, 6, 4, 3, 2, 7, 3, 1, 1, 0, 3, 2, 2, 2, 3, 0, 0, 1], "bins": [-31.201007843017578, -29.3669490814209, -27.532888412475586, -25.698829650878906, -23.864768981933594, -22.030710220336914, -20.1966495513916, -18.362590789794922, -16.52853012084961, -14.69447135925293, -12.860411643981934, -11.026351928710938, -9.192293167114258, -7.3582329750061035, -5.524173736572266, -3.6901140213012695, -1.8560543060302734, -0.021994709968566895, 1.8120648860931396, 3.6461243629455566, 5.480184078216553, 7.314243793487549, 9.148303031921387, 10.982362747192383, 12.816422462463379, 14.650482177734375, 16.484540939331055, 18.318601608276367, 20.152660369873047, 21.98672103881836, 23.82077980041504, 25.65484046936035, 27.48889923095703]}], [{"_type": "histogram", "values": [1, 3, 3, 3, 8, 19, 24, 43, 81, 81, 130, 191, 211, 280, 307, 304, 361, 353, 312, 304, 279, 210, 177, 131, 92, 67, 41, 38, 22, 13, 1, 6], "bins": [-44.465087890625, -41.870452880859375, -39.27581787109375, -36.68118667602539, -34.086551666259766, -31.49191665649414, -28.89728355407715, -26.302650451660156, -23.70801544189453, -21.113380432128906, -18.518747329711914, -15.924113273620605, -13.329479217529297, -10.734845161437988, -8.14021110534668, -5.545577049255371, -2.9509429931640625, -0.3563089370727539, 2.2383251190185547, 4.832959175109863, 7.427593231201172, 10.02222728729248, 12.616861343383789, 15.211495399475098, 17.806129455566406, 20.40076446533203, 22.995397567749023, 25.590030670166016, 28.18466567993164, 30.779300689697266, 33.373931884765625, 35.96856689453125, 38.563201904296875]}, {"_type": "histogram", "values": [1, 1, 0, 1, 1, 2, 2, 2, 2, 0, 1, 2, 1, 4, 2, 3, 3, 5, 1, 3, 1, 9, 4, 2, 0, 2, 2, 2, 2, 0, 0, 3], "bins": [-34.28550720214844, -32.37941360473633, -30.473323822021484, -28.567230224609375, -26.6611385345459, -24.755046844482422, -22.848955154418945, -20.94286346435547, -19.03676986694336, -17.130678176879883, -15.224586486816406, -13.31849479675293, -11.412403106689453, -9.50631046295166, -7.600218772888184, -5.694126605987549, -3.788034439086914, -1.8819423913955688, 0.024149656295776367, 1.9302417039871216, 3.836333751678467, 5.742425918579102, 7.648517608642578, 9.554610252380371, 11.460701942443848, 13.366793632507324, 15.272886276245117, 17.178977966308594, 19.08506965637207, 20.991161346435547, 22.897254943847656, 24.803346633911133, 26.70943832397461]}, {"_type": "histogram", "values": [1, 1, 2, 0, 1, 0, 2, 1, 3, 1, 0, 1, 2, 2, 6, 7, 4, 2, 7, 2, 4, 7, 1, 3, 0, 0, 0, 2, 0, 0, 0, 2], "bins": [-28.226009368896484, -26.330759048461914, -24.43550682067871, -22.54025650024414, -20.64500617980957, -18.749753952026367, -16.854503631591797, -14.959253311157227, -13.06400203704834, -11.168750762939453, -9.273500442504883, -7.378249168395996, -5.482998371124268, -3.587747573852539, -1.6924965381622314, 0.20275437831878662, 2.0980052947998047, 3.993256092071533, 5.888506889343262, 7.783758163452148, 9.679008483886719, 11.574259757995605, 13.469511032104492, 15.364761352539062, 17.260013580322266, 19.155263900756836, 21.050514221191406, 22.945764541625977, 24.84101676940918, 26.73626708984375, 28.63151741027832, 30.526769638061523, 32.422019958496094]}], [{"_type": "histogram", "values": [2, 1, 2, 7, 8, 17, 29, 38, 69, 96, 147, 179, 224, 261, 292, 324, 307, 356, 354, 327, 267, 222, 160, 141, 92, 70, 42, 25, 17, 7, 12, 1], "bins": [-45.29648208618164, -42.62883758544922, -39.96118927001953, -37.29354476928711, -34.62589645385742, -31.958251953125, -29.290605545043945, -26.62295913696289, -23.95531463623047, -21.287668228149414, -18.62002182006836, -15.952375411987305, -13.28472900390625, -10.617083549499512, -7.949437141418457, -5.2817912101745605, -2.614145278930664, 0.05350077152252197, 2.721146821975708, 5.388792991638184, 8.056438446044922, 10.724084854125977, 13.391731262207031, 16.059377670288086, 18.72702407836914, 21.394668579101562, 24.062314987182617, 26.729961395263672, 29.397607803344727, 32.06525421142578, 34.7328987121582, 37.40054702758789, 40.06819152832031]}, {"_type": "histogram", "values": [2, 1, 0, 2, 2, 5, 1, 3, 1, 3, 5, 9, 0, 4, 3, 3, 7, 4, 2, 3, 1, 0, 1, 0, 0, 0, 0, 0, 1, 0, 0, 1], "bins": [-27.417423248291016, -25.281816482543945, -23.146211624145508, -21.010604858398438, -18.874998092651367, -16.73939323425293, -14.60378646850586, -12.468179702758789, -10.332573890686035, -8.196968078613281, -6.061361312866211, -3.925755500793457, -1.790149211883545, 0.34545695781707764, 2.4810631275177, 4.616669178009033, 6.752275466918945, 8.8878812789917, 11.02348804473877, 13.159093856811523, 15.294700622558594, 17.43030548095703, 19.5659122467041, 21.701519012451172, 23.83712387084961, 25.97273063659668, 28.10833740234375, 30.24394416809082, 32.37955093383789, 34.51515579223633, 36.650760650634766, 38.78636932373047, 40.921974182128906]}, {"_type": "histogram", "values": [1, 1, 1, 0, 0, 1, 3, 2, 0, 2, 1, 5, 2, 1, 4, 2, 3, 4, 2, 3, 5, 4, 4, 2, 6, 0, 1, 0, 1, 2, 0, 1], "bins": [-31.55599594116211, -29.761459350585938, -27.966922760009766, -26.17238426208496, -24.37784767150879, -22.583311080932617, -20.788774490356445, -18.99423599243164, -17.19969940185547, -15.405162811279297, -13.610626220703125, -11.816088676452637, -10.021552085876465, -8.227014541625977, -6.432477951049805, -4.637940883636475, -2.8434038162231445, -1.0488667488098145, 0.7456701993942261, 2.5402071475982666, 4.334744453430176, 6.129281044006348, 7.923818111419678, 9.718355178833008, 11.51289176940918, 13.307429313659668, 15.10196590423584, 16.896503448486328, 18.6910400390625, 20.485576629638672, 22.280115127563477, 24.07465171813965, 25.86918830871582]}], [{"_type": "histogram", "values": [1, 0, 2, 0, 1, 2, 1, 0, 6, 1, 2, 5, 4, 1, 3, 3, 2, 3, 4, 4, 1, 2, 1, 1, 2, 1, 2, 2, 3, 2, 0, 2],